Date,Open,High,Low,Close,Volume
2025-07-22 18:58:10.679410,1977.195695363139,1997.4967639781257,1951.1172079515086,1986.682722929863,11256748
2025-07-23 18:58:10.679410,1962.4090033976038,1979.6790491849547,1945.982802326484,1974.4170285328064,39696548
2025-07-24 18:58:10.679410,1936.2867014973174,1945.4530112480902,1911.5310879023978,1940.4201793178772,21127932
2025-07-25 18:58:10.679410,1897.1869695964758,1916.4054244712725,1881.069453754692,1893.6555570235914,13146422
2025-07-26 18:58:10.679410,1857.4957389762574,1884.9441331367339,1844.7301777538514,1859.7047437622252,14335233
2025-07-27 18:58:10.679410,1809.5667279364814,1819.732298407503,1790.74995538733,1811.3786013550937,39254324
2025-07-28 18:58:10.679410,1846.5903039906134,1853.3618857833696,1824.122114437525,1847.110455969185,26418186
2025-07-29 18:58:10.679410,1860.1098914279978,1874.0054576239918,1847.3084043109377,1857.4612341826717,18601757
2025-07-30 18:58:10.679410,1849.0341291052987,1881.138669198387,1845.5469937284583,1861.310490787337,42395484
2025-07-31 18:58:10.679410,1863.4403657921162,1882.3112993014397,1835.7835100693067,1858.598185315925,18492496
2025-08-01 18:58:10.679410,1885.3670647095687,1900.322723577193,1857.1442657983528,1884.9718374563724,37556292
2025-08-02 18:58:10.679410,1923.1709229361309,1940.894990705764,1901.1032589082831,1935.6725784490668,39745789
2025-08-03 18:58:10.679410,1926.8541099397125,1966.4888505276379,1924.9272558297728,1938.3741691142718,14355517
2025-08-04 18:58:10.679410,1906.4509974623404,1916.5563397527856,1896.3070036949898,1901.4780911205248,42386492
2025-08-05 18:58:10.679410,1871.6640306122524,1895.9211255478447,1864.7331691477973,1878.1448099361137,12850454
2025-08-06 18:58:10.679410,1846.7121765869092,1872.3122741784912,1820.5848649713507,1846.576341516535,43900749
2025-08-07 18:58:10.679410,1773.6906770052003,1801.366397214281,1771.8431847786808,1788.1711681826564,45147459
2025-08-08 18:58:10.679410,1848.6921715424194,1850.5408637139617,1830.1176630943264,1833.8834531225768,38431131
2025-08-09 18:58:10.679410,1838.7473598568704,1844.8128414113492,1810.0373366417596,1822.816477341481,37668616
2025-08-10 18:58:10.679410,1895.3653719424137,1897.260737314356,1865.221447067016,1877.3791467046228,14200300
2025-08-11 18:58:10.679410,1841.1472028909093,1851.3363034154438,1813.277701780375,1841.8528336054299,16807217
2025-08-12 18:58:10.679410,1898.0793715065356,1929.926752473941,1895.481603785251,1910.0559205701481,31013414
2025-08-13 18:58:10.679410,1917.2949631471354,1934.3544319713278,1881.4509389182626,1900.7018609026318,11690878
2025-08-14 18:58:10.679410,1917.2805150841052,1919.197795599189,1873.288849315469,1903.3583064120542,29718686
2025-08-15 18:58:10.679410,1894.5052978079616,1905.9386295756974,1863.787279039354,1899.2669424352212,43569694
2025-08-16 18:58:10.679410,1909.579674128897,1949.934389665381,1893.2381885780023,1918.9412612350686,32795461
2025-08-17 18:58:10.679410,1881.4477658854537,1907.2379649389486,1855.9141400495869,1887.0722417536963,44238895
2025-08-18 18:58:10.679410,1855.1342761961002,1872.229648861955,1813.1630606096185,1842.842781795019,15768158
2025-08-19 18:58:10.679410,1736.7457167664907,1742.7994023071196,1735.008971049724,1738.0642735718375,18344441
2025-08-20 18:58:10.679410,1733.39522432747,1743.955901035886,1712.0291964391822,1730.9064465448594,18677805
2025-08-21 18:58:10.679410,1729.483212833255,1755.5856020026501,1707.3037840377037,1726.3126785397037,10660021
2025-08-22 18:58:10.679410,1783.6253136185408,1785.4089389321591,1739.5563695344913,1772.5870279295636,40202371
2025-08-23 18:58:10.679410,1804.1327631168285,1805.9368958799453,1790.3380330949017,1793.6410632929044,12681171
2025-08-24 18:58:10.679410,1776.8700707386688,1804.4750439817287,1746.543161541436,1776.7707859235393,17096882
2025-08-25 18:58:10.679410,1768.9320335592604,1807.7923003015135,1747.518942581675,1778.4469020915585,5139153
2025-08-26 18:58:10.679410,1800.6005769224137,1840.2596024861787,1798.7999763454914,1814.3784158026813,19970773
2025-08-27 18:58:10.679410,1823.2756612590917,1842.2226533852788,1800.4857924856055,1834.6915008707963,26338489
2025-08-28 18:58:10.679410,1869.045599089176,1897.311122991278,1832.0430865298656,1863.724970915545,11481431
2025-08-29 18:58:10.679410,1954.9592590634936,1978.6822315890402,1938.7006146730832,1944.3070518028026,33635300
2025-08-30 18:58:10.679410,1958.1832497207697,1994.3295021915726,1956.2250664710489,1976.595275024633,28008240
2025-08-31 18:58:10.679410,1987.634615200069,2009.9644678287236,1955.232755675841,1977.1837173586637,22336721
2025-09-01 18:58:10.679410,1977.5586635210148,2003.2391196067404,1937.96376086608,1975.9780068287162,38909996
2025-09-02 18:58:10.679410,1986.0687265515696,2014.675920258852,1981.9389776084533,1997.7780106714627,48917841
2025-09-03 18:58:10.679410,2039.8977169907878,2060.270937070252,2021.7644296344738,2026.9031093799242,17082509
2025-09-04 18:58:10.679410,2029.8398892731775,2031.8697291624505,2009.1114276024068,2012.265272978418,41705221
2025-09-05 18:58:10.679410,1955.4877854245158,1999.0852398487893,1953.5322976390912,1969.999598057504,31440046
2025-09-06 18:58:10.679410,1937.1224514447151,1983.4114833863698,1922.8814532077276,1946.3713734400592,14705955
2025-09-07 18:58:10.679410,1924.647812385157,1957.3843216979808,1894.80287357259,1927.134840792295,28162781
2025-09-08 18:58:10.679410,1900.5516093456336,1907.0462166342904,1879.324995243616,1886.9914765489777,24316234
2025-09-09 18:58:10.679410,1949.3217567486174,1972.8005871581424,1931.412302083828,1943.453606139581,6405278
2025-09-10 18:58:10.679410,1889.9054289956848,1915.1412825833586,1865.9568687243589,1901.0406099329618,14260164
2025-09-11 18:58:10.679410,1871.9777277446872,1884.6226495630349,1822.0453889232278,1858.17743285147,35035660
2025-09-12 18:58:10.679410,1855.6965424119164,1907.8548886324895,1852.1359248414435,1868.6251169411585,12430760
2025-09-13 18:58:10.679410,1899.3314088310099,1943.577536313159,1872.930261358057,1904.5998353375846,49100431
2025-09-14 18:58:10.679410,1836.4740227097398,1862.1534199546873,1824.2768737475965,1848.9358720685668,10980147
2025-09-15 18:58:10.679410,1830.2862910373492,1838.3971310799063,1800.6734176052585,1835.517919719452,44742540
2025-09-16 18:58:10.679410,1783.8427159633484,1810.2132640369773,1782.058873247385,1800.9616521517423,36177131
2025-09-17 18:58:10.679410,1847.3732037058353,1856.9298285468112,1826.665471195397,1830.6848356791027,6447546
2025-09-18 18:58:10.679410,1815.0332338628336,1845.8728187477693,1791.6516592475552,1822.45048692639,37492556
2025-09-19 18:58:10.679410,1818.7991782382287,1820.6179774164668,1806.620143161181,1812.839272218228,3524692
2025-09-20 18:58:10.679410,1790.449979188951,1802.894819249991,1788.659529209762,1799.7852354172232,26524031
2025-09-21 18:58:10.679410,1774.0482885192089,1817.1076912071887,1772.2742402306897,1783.7358755919115,16143251
2025-09-22 18:58:10.679410,1879.8639699666744,1888.0427018647779,1834.9637247220846,1862.8919192344079,10614680
2025-09-23 18:58:10.679410,1875.804895433431,1897.6799757086712,1847.4343537621219,1865.3298739186312,5494590
2025-09-24 18:58:10.679410,1944.0590845800245,1972.4876841391188,1902.5661740580267,1935.6108893203416,46746735
2025-09-25 18:58:10.679410,1937.920435582938,1976.795750820197,1914.552259809995,1944.944900844851,31676332
2025-09-26 18:58:10.679410,1937.6590194194716,1984.3570575932627,1910.9394924091498,1948.5983782416517,13554068
2025-09-27 18:58:10.679410,1962.2302697528398,1995.9221368411486,1933.7010372386212,1975.028043587216,18233601
2025-09-28 18:58:10.679410,1991.5667720310043,2001.3772427647373,1972.2084817779382,1984.216597622753,43190283
2025-09-29 18:58:10.679410,2093.5725806883243,2117.31374582467,2068.2368255495344,2086.2124946436065,16633843
2025-09-30 18:58:10.679410,2156.1315785746756,2166.6216847118517,2117.0936598536555,2135.7260928297337,34675084
2025-10-01 18:58:10.679410,2151.662260244871,2207.178720054582,2140.468168190627,2170.7105453167555,25909238
2025-10-02 18:58:10.679410,2169.5650837037,2171.734648787404,2142.899368419333,2149.216457035637,42048483
2025-10-03 18:58:10.679410,2145.1169840601065,2171.9790701636985,2131.416061083698,2162.0065530580205,45560702
2025-10-04 18:58:10.679410,2147.6046800478202,2187.622998381149,2133.9942308965583,2164.831806641835,41899842
2025-10-05 18:58:10.679410,2170.031476287474,2176.3780319350644,2121.5223709208826,2151.7220927419344,2170491
2025-10-06 18:58:10.679410,2196.257621312989,2209.8770990470093,2156.136137449084,2184.867782582316,5014690
2025-10-07 18:58:10.679410,2176.3892394002823,2186.6032653502593,2153.2993997526464,2183.5816643199896,18706747
2025-10-08 18:58:10.679410,2233.7394035411908,2240.7252918025138,2183.6122281517087,2221.045250685684,26102150
2025-10-09 18:58:10.679410,2238.5148671644224,2240.7533820315866,2201.0961101629655,2235.95014107029,10681468
2025-10-10 18:58:10.679410,2218.5564148340695,2240.4991282305245,2182.055374279066,2218.868134551934,35088905
2025-10-11 18:58:10.679410,2240.259996778105,2261.3419112428287,2225.435452350323,2229.941683318237,26127446
2025-10-12 18:58:10.679410,2149.267078164311,2160.2215295781903,2112.965912234059,2141.9436892261474,24191519
2025-10-13 18:58:10.679410,2188.8258664321265,2191.014692298558,2127.788269427689,2171.5812507809724,36409592
2025-10-14 18:58:10.679410,2184.744222428046,2232.30699274145,2150.297639789443,2196.188789659942,9601148
2025-10-15 18:58:10.679410,2187.214876191191,2197.581716070701,2185.0276613149995,2190.2693425515654,10471373
2025-10-16 18:58:10.679410,2109.9479448950256,2143.34490022131,2093.3279232654872,2111.053774202074,25953771
2025-10-17 18:58:10.679410,2066.9864850615504,2094.5913027052375,2047.1166269815656,2066.433886293797,27648752
2025-10-18 18:58:10.679410,2055.944146293863,2107.5982167121188,2029.0563666987284,2072.528135704701,15327612
2025-10-19 18:58:10.679410,2086.3845874507674,2115.481635884788,2048.3846041324086,2082.1918306547554,43897907
2025-10-20 18:58:10.679410,2120.7312261507413,2178.381163323139,2115.65640600134,2135.1767160584704,46012608
2025-10-21 18:58:10.679410,2196.8103679080546,2199.0071782759624,2175.308307554488,2179.1669592217,41706391
2025-10-22 18:58:10.679410,2234.7843907499932,2243.700119778199,2212.1258308162505,2221.54716122701,15801036
2025-10-23 18:58:10.679410,2210.7366408638068,2212.9473775046704,2160.605658629544,2199.4985437517253,25626811
2025-10-24 18:58:10.679410,2199.969198863358,2211.1277126578657,2156.136105573035,2201.1590372994156,31146903
2025-10-25 18:58:10.679410,2254.0197577560666,2264.4198929022937,2223.392734980575,2246.9797105965663,43482121
2025-10-26 18:58:10.679410,2330.192198313016,2339.912594741873,2276.8800677516006,2316.52380843954,31611312
2025-10-27 18:58:10.679410,2283.608127381371,2313.322858711108,2254.965728574769,2269.6922611791933,7346161
2025-10-28 18:58:10.679410,2234.3602098945466,2251.8448723549564,2225.3087034468285,2230.5133477784116,3557294
2025-10-29 18:58:10.679410,2200.2324805139265,2238.509176662795,2190.918221637981,2203.6354981104078,43060102
2025-10-30 18:58:10.679410,2266.0127885843626,2288.9491191439047,2263.7467757957784,2278.7884951738433,37081647
2025-10-31 18:58:10.679410,2266.51833543448,2311.9924239678585,2245.8031958404013,2277.2898347105165,37382444
2025-11-01 18:58:10.679410,2225.482456567856,2251.786247272458,2191.033315958537,2207.2207107790596,19014069
2025-11-02 18:58:10.679410,2191.359070617892,2255.4060134985034,2166.2850701468888,2211.157905654563,23736963
2025-11-03 18:58:10.679410,2196.2165803066287,2221.275633333631,2135.4479538072974,2177.7556724957685,41862251
2025-11-04 18:58:10.679410,2191.747810336369,2221.3093088672745,2153.255053089099,2179.9447316016517,8254656
2025-11-05 18:58:10.679410,2229.918858721303,2241.4022260939555,2193.977147818188,2223.4965205449735,9886066
2025-11-06 18:58:10.679410,2144.5769042158768,2170.7477933477376,2136.5198089019477,2147.443096888532,24752222
2025-11-07 18:58:10.679410,2073.214124179171,2110.1538007417385,2071.1409100549918,2086.89290513047,11241018
2025-11-08 18:58:10.679410,2023.0096866044096,2072.1612949025903,2015.9329596925643,2039.9709629359259,13858201
2025-11-09 18:58:10.679410,2025.626681524733,2054.8706665186337,1982.7238897244315,2020.0641008145901,6910770
2025-11-10 18:58:10.679410,2056.61241544343,2093.155440688693,2054.5558030279867,2076.584176374749,48959705
2025-11-11 18:58:10.679410,2053.1154899038056,2097.8499210625473,2051.0623744139016,2062.8516390003933,28062909
2025-11-12 18:58:10.679410,2109.0969448144433,2149.4289231215316,2098.4073538416037,2108.066201956659,33113651
2025-11-13 18:58:10.679410,2216.6960032615175,2241.8949553961706,2193.1646082409347,2216.0871785128916,29703297
2025-11-14 18:58:10.679410,2229.768758315088,2262.7431615384703,2214.3959521378824,2218.789962494907,33836143
2025-11-15 18:58:10.679410,2200.7242514185236,2239.8103377836715,2178.174978026242,2194.3522920256446,9890309
2025-11-16 18:58:10.679410,2237.7591811591437,2259.4732946798995,2235.5214219779846,2245.687635215385,18394098
2025-11-17 18:58:10.679410,2340.1449430939215,2356.4090719600485,2317.3261264465104,2344.419079373957,39839875
2025-11-18 18:58:10.679410,2331.257997087802,2374.628684569523,2328.926739090714,2353.1691687083576,22343175
2025-11-19 18:58:10.679410,2336.8128620954053,2356.7918244602033,2304.6484253933245,2345.6642706141743,26205736
2025-11-20 18:58:10.679410,2374.7519100832783,2377.1266619933613,2343.4659268931923,2359.4685982466162,1233664
2025-11-21 18:58:10.679410,2356.619361306504,2358.9759806678103,2307.1310250418333,2337.1361247618497,27587416
2025-11-22 18:58:10.679410,2287.0023162686666,2323.721319803339,2279.575540884728,2293.0943881582884,36730909
2025-11-23 18:58:10.679410,2376.3632262179203,2429.001632396289,2365.788714939075,2384.8507605171426,44684107
2025-11-24 18:58:10.679410,2432.049909062208,2464.8700110350355,2405.008423633882,2431.1528636486105,33470303
2025-11-25 18:58:10.679410,2508.9858412474277,2568.0284543378775,2497.3487738449585,2524.091397613722,44850699
2025-11-26 18:58:10.679410,2543.7329305726785,2579.707111820276,2518.1423409686095,2540.339944570892,38061877
2025-11-27 18:58:10.679410,2567.57625854048,2623.9307346275586,2565.0086822819394,2579.8892041615245,30648200
2025-11-28 18:58:10.679410,2553.105445430956,2622.336960781471,2532.3739969008107,2570.7666429668457,32846542
2025-11-29 18:58:10.679410,2585.2362529461107,2587.8214891990565,2561.185804288864,2566.2077383690603,43099090
2025-11-30 18:58:10.679410,2629.324970395288,2631.954295365683,2579.7872277985016,2606.6023736636535,42444199
2025-12-01 18:58:10.679410,2586.076838107233,2589.2856500416565,2538.741119370154,2575.991854303914,17241527
2025-12-02 18:58:10.679410,2572.3903405271662,2601.782077822223,2528.533384257929,2552.8630142725815,36230939
2025-12-03 18:58:10.679410,2504.8831849827907,2508.3621352775126,2493.8072053060555,2496.7546862605054,29117312
2025-12-04 18:58:10.679410,2442.130824132188,2487.6709007044715,2439.688693308056,2459.0701869425266,9113908
2025-12-05 18:58:10.679410,2475.3705711817943,2493.082707647924,2453.125983113154,2460.0484081710174,43849122
2025-12-06 18:58:10.679410,2465.3322228310144,2494.345031453293,2460.2214032151755,2473.866390324666,5585720
2025-12-07 18:58:10.679410,2484.1769785947304,2518.197820168684,2424.882678342844,2466.7394781630046,42033078
2025-12-08 18:58:10.679410,2474.948054920009,2523.063055376303,2468.2623619858173,2483.482910256276,30001182
2025-12-09 18:58:10.679410,2524.9425515425123,2553.685420946773,2515.691066555546,2518.266353903013,22832685
2025-12-10 18:58:10.679410,2567.613157828875,2625.880956853757,2565.045544671046,2580.6171196056957,47004967
2025-12-11 18:58:10.679410,2595.555491682873,2651.6388711189393,2592.95993619119,2614.5810405324232,31221123
2025-12-12 18:58:10.679410,2612.4048565788803,2646.4724886348004,2593.3039825055675,2603.4622989317277,41145224
2025-12-13 18:58:10.679410,2679.379297500853,2704.0686169660166,2669.5807512329397,2677.597232618842,26570648
2025-12-14 18:58:10.679410,2640.9805564348408,2673.572816821534,2617.124190160267,2626.509763373929,33812419
2025-12-15 18:58:10.679410,2659.001813739279,2676.4509171025666,2618.862787452668,2649.665501566108,13742169
2025-12-16 18:58:10.679410,2737.7727519464693,2763.4296060849188,2695.6771360491316,2742.392728813766,25451669
2025-12-17 18:58:10.679410,2682.7475419554967,2738.822839588963,2674.347583363432,2699.4164690802736,15621612
2025-12-18 18:58:10.679410,2682.597293184108,2753.4767621919027,2674.298672210149,2706.551618344043,29331769
2025-12-19 18:58:10.679410,2730.0058203191825,2739.4634210174463,2656.495022581336,2706.090870626145,48698083
2025-12-20 18:58:10.679410,2687.3262254474193,2699.8689524807323,2674.430722427175,2678.8584499055914,12490424
2025-12-21 18:58:10.679410,2701.347015712185,2735.292624277233,2638.0084823055067,2685.033618107966,34373279
2025-12-22 18:58:10.679410,2762.917476824754,2801.3763558490314,2727.594190604581,2748.0899477226712,16311283
2025-12-23 18:58:10.679410,2698.411377795921,2755.838052612814,2677.244441052396,2707.1348809887086,37213116
2025-12-24 18:58:10.679410,2694.5682147509524,2768.3209291779494,2691.8736465362012,2721.2517219608408,44029091
2025-12-25 18:58:10.679410,2742.127809609184,2792.4689770274736,2735.374150889122,2751.608413428663,9594721
2025-12-26 18:58:10.679410,2748.051158056898,2802.0777001266397,2711.2655550727036,2763.2119606976885,27744543
2025-12-27 18:58:10.679410,2750.107028421907,2794.2721774282104,2735.106571425545,2773.0278069350725,47996555
2025-12-28 18:58:10.679410,2712.4522247564164,2764.2602386264366,2694.715794167179,2732.4116500633663,31018885
2025-12-29 18:58:10.679410,2781.9712236977907,2860.6837715456813,2771.940459713232,2809.37724821606,18981011
2025-12-30 18:58:10.679410,2856.140263184379,2914.749210099452,2853.2841229211945,2875.5439516706683,17626593
2025-12-31 18:58:10.679410,2931.9184997587954,2996.9674785998805,2889.265947276406,2947.7610846835637,46602275
2026-01-01 18:58:10.679410,2954.9425473390747,2985.1518239075335,2946.4813786359737,2955.404581667836,23716456
2026-01-02 18:58:10.679410,3076.7068294174464,3079.7835362468636,2989.255585876287,3046.9533149736785,31470176
2026-01-03 18:58:10.679410,2907.9763802391158,2933.676172590794,2865.2325703042757,2910.8244841274873,35894961
2026-01-04 18:58:10.679410,2950.053026248261,2970.749457909404,2910.8929954437876,2949.488172215586,42826582
2026-01-05 18:58:10.679410,2943.37900065286,2953.09800091252,2934.9741816937003,2949.7212318084607,8509708
2026-01-06 18:58:10.679410,2906.5465313192835,2909.4530778506023,2862.1010850787825,2881.1493766105114,49292383
2026-01-07 18:58:10.679410,2879.0390253098103,2881.9180643351197,2812.938291827308,2868.752279753646,24839629
2026-01-08 18:58:10.679410,2806.7187949668055,2864.4792136737033,2803.9120761718386,2828.7482647862466,25665991
2026-01-09 18:58:10.679410,2790.2147340908427,2831.042721248267,2738.362414858475,2784.314407797707,8083943
2026-01-10 18:58:10.679410,2711.8975321474163,2758.164619087832,2669.11110611509,2717.4207583078996,18033721
2026-01-11 18:58:10.679410,2670.7701301975117,2726.2416227075564,2640.8041832057265,2693.3799527675014,6431786
2026-01-12 18:58:10.679410,2767.0164545236685,2789.923221858307,2715.225730834239,2740.9001712545523,49736012
2026-01-13 18:58:10.679410,2721.918953423548,2754.286704937666,2673.9281209572196,2718.82527289502,21370673
2026-01-14 18:58:10.679410,2795.2030592328424,2815.6315076449755,2772.674175576988,2776.243570508844,1369774
2026-01-15 18:58:10.679410,2778.5831432606446,2820.9069213691314,2758.7316846080257,2772.9694648753252,43241222
2026-01-16 18:58:10.679410,2785.5399089282514,2801.1418672314303,2760.393494563949,2779.4567761702724,46638070
2026-01-17 18:58:10.679410,2804.74338645719,2833.1540816262345,2783.693217544718,2787.4113991995114,44558013
2026-01-18 18:58:10.679410,2838.095525992828,2855.8503473833716,2799.9174084968363,2832.6340742663697,39956203
2026-01-19 18:58:10.679410,2792.226047221362,2795.018273268583,2761.8484054534933,2766.712515225733,35560492
2026-01-20 18:58:10.679410,2767.5402322178043,2778.6368229149025,2757.922826917108,2775.7269702085537,14887369
2026-01-21 18:58:10.679410,2822.7197452162077,2875.6122366435966,2810.8105084240347,2834.934636920986,31436698
2026-01-22 18:58:10.679410,2851.1148380846234,2916.8281147796156,2848.263723246539,2877.9443976095085,44665764
2026-01-23 18:58:10.679410,2882.9672575313807,2924.5792866237107,2825.347761292443,2879.5289527224095,49365558
2026-01-24 18:58:10.679410,2843.598550878603,2875.9893339948894,2814.8343360566078,2850.7900325462388,42442478
2026-01-25 18:58:10.679410,2719.6796366989497,2760.601889722161,2691.9263944107283,2726.405111948617,30591197
2026-01-26 18:58:10.679410,2744.5266712419307,2763.9467825345564,2735.683607159912,2747.7191736785016,8009115
2026-01-27 18:58:10.679410,2825.71956493157,2874.2365419661455,2822.8938453666383,2854.169379235922,12758204
2026-01-28 18:58:10.679410,2907.2998929352993,2939.45218947701,2841.930984622875,2892.9849674212956,17064640
2026-01-29 18:58:10.679410,2921.870632041748,2993.6273914311673,2876.276878036765,2936.326263877509,35755195
2026-01-30 18:58:10.679410,2963.2705740450615,2966.233844619106,2916.8933108589254,2936.9095424199686,25152216
2026-01-31 18:58:10.679410,2934.83192144157,2951.0514639698476,2878.7475406109097,2937.822117781047,15373340
2026-02-01 18:58:10.679410,2943.053732459934,2959.909611805171,2877.0829773993223,2924.0766274156854,31880066
2026-02-02 18:58:10.679410,2901.547919039859,2923.8686544015786,2891.736701124651,2894.7507949231776,12511255
2026-02-03 18:58:10.679410,2967.185096220073,3005.855430073189,2958.656574027381,2981.5553383029387,37583035
2026-02-04 18:58:10.679410,2989.2329205879496,3037.491938943391,2986.2436876673614,3015.4442604063943,12446347
2026-02-05 18:58:10.679410,2948.603978000021,2976.038062883283,2944.4523059496773,2948.393165997046,47518704
2026-02-06 18:58:10.679410,2881.5768679026037,2923.8986879743275,2825.5409966144452,2885.600771803931,25714325
2026-02-07 18:58:10.679410,2863.908402631579,2901.253279345145,2852.4346192160533,2866.4396505550694,11322253
2026-02-08 18:58:10.679410,2805.2086823022973,2858.356850217986,2769.298838380314,2808.8085234026425,18504440
2026-02-09 18:58:10.679410,2812.7157078715736,2849.779628912588,2740.684741110435,2793.20642872339,20753074
2026-02-10 18:58:10.679410,2780.046048037779,2798.571266070777,2736.0602105983808,2781.4022324553766,33737672
2026-02-11 18:58:10.679410,2718.523848503237,2733.0998031331046,2654.045603380436,2700.7391949546277,16015242
2026-02-12 18:58:10.679410,2610.0271015063336,2632.4297509934677,2581.580688639801,2627.850977215722,43223549
2026-02-13 18:58:10.679410,2573.3505653900675,2620.5230815169025,2570.7772148246772,2598.7327315542807,6756074
2026-02-14 18:58:10.679410,2590.144961038241,2612.909453137905,2572.178198868021,2606.386938252,18034750
2026-02-15 18:58:10.679410,2572.455083084374,2623.0860424658676,2555.814449145377,2597.511991112524,44906689
2026-02-16 18:58:10.679410,2607.234137317782,2653.9245454401575,2551.3545871859656,2601.3615441366615,42462094
2026-02-17 18:58:10.679410,2721.482413659195,2728.9410570840914,2682.9146597330914,2706.8125977742116,34341033
2026-02-18 18:58:10.679410,2630.811587227121,2684.183149158456,2614.324008802005,2643.043880988288,3561318
2026-02-19 18:58:10.679410,2586.092222403105,2588.678314625508,2557.84033707039,2567.651482515041,15532870
2026-02-20 18:58:10.679410,2564.6048440972822,2582.3133096645292,2533.055690814265,2545.6792375511,40103826
2026-02-21 18:58:10.679410,2620.634219164363,2623.254853383527,2582.373580207205,2603.4060810271103,19253454
2026-02-22 18:58:10.679410,2580.9949423841213,2631.7401662791544,2578.413947441737,2584.025413420282,16921642
2026-02-23 18:58:10.679410,2542.859542671606,2600.7248648582427,2540.3166831289345,2566.985838606214,6713107
2026-02-24 18:58:10.679410,2639.5561706689346,2682.045430377626,2600.521724952921,2627.1201459359036,18312385
2026-02-25 18:58:10.679410,2700.4809747362733,2703.181455711009,2665.386415703166,2677.4149470953657,3581324
2026-02-26 18:58:10.679410,2711.438237010839,2714.1496752478497,2656.207020578565,2699.4113486381884,10145330
2026-02-27 18:58:10.679410,2660.861172974482,2734.5555221445593,2653.1993424722277,2682.225292405883,19206140
2026-02-28 18:58:10.679410,2684.8804396604646,2700.6250285976794,2632.4518457032095,2687.8595777026394,18470096
2026-03-01 18:58:10.679410,2697.257951233152,2752.1245593437393,2694.560693281919,2712.1542201012876,44356184
2026-03-02 18:58:10.679410,2781.44372255494,2822.382968099176,2729.440692776272,2769.2513609040243,38365208
2026-03-03 18:58:10.679410,2798.181756050502,2808.958183594508,2756.692343161952,2772.6849314863857,4849955
2026-03-04 18:58:10.679410,2822.1539114044526,2856.460208030834,2819.3317574930484,2831.6185361188623,23657880
2026-03-05 18:58:10.679410,2813.5643668130556,2843.572411693421,2759.0432262453805,2802.2580036693453,36425291
2026-03-06 18:58:10.679410,2848.250490855711,2924.313447269959,2845.4022403648555,2872.999832725624,21900156
2026-03-07 18:58:10.679410,2809.460050122115,2867.767730798433,2806.6505900719926,2833.02781695697,15722463
2026-03-08 18:58:10.679410,2812.9649493071865,2815.777914256493,2736.8683325166426,2790.5536016695105,35196018
2026-03-09 18:58:10.679410,2726.5170041298525,2766.2941213637146,2716.9015639264408,2728.137923922901,22792277
2026-03-10 18:58:10.679410,2671.3589676019114,2690.223210949806,2622.7102897319423,2673.647779465553,32674237
2026-03-11 18:58:10.679410,2605.1766496866817,2623.564086395384,2597.5320754866284,2603.441590879706,8544622
2026-03-12 18:58:10.679410,2565.2190732317763,2578.7702146093457,2530.84378278722,2571.8106183969926,31709264
2026-03-13 18:58:10.679410,2543.4393046294344,2582.5647243950352,2500.7002086515377,2538.365089090278,25263513
2026-03-14 18:58:10.679410,2505.383953435922,2579.7883638518106,2482.5221692142663,2527.761538471159,37100116
2026-03-15 18:58:10.679410,2555.3050561192713,2599.2478803295867,2545.9938711153527,2565.832657464104,21930078
2026-03-16 18:58:10.679410,2541.476744207549,2566.515806076987,2538.9352674633415,2559.459653899883,47951441
2026-03-17 18:58:10.679410,2572.789280593905,2575.3620698744985,2521.3062866437986,2568.030264581696,19097857
2026-03-18 18:58:10.679410,2613.2060151027263,2632.4472146371154,2583.961892908144,2607.650483926629,4316784
2026-03-19 18:58:10.679410,2653.5515258901182,2656.205077416008,2625.324395240724,2644.4738409748284,43956078
2026-03-20 18:58:10.679410,2560.71506549074,2592.881919168108,2527.048646867598,2580.064823914917,19107551
2026-03-21 18:58:10.679410,2671.727823819653,2724.4788072798174,2653.532281692057,2671.8712606584986,38947401
2026-03-22 18:58:10.679410,2583.002813116196,2594.3573886272775,2551.7574620839305,2589.4916253784672,30426995
2026-03-23 18:58:10.679410,2605.1169645556697,2662.3370699372385,2602.511847591114,2623.8433252080936,9459066
2026-03-24 18:58:10.679410,2702.974623112645,2705.6775977357574,2653.2126456387214,2676.5275688357956,5203187
2026-03-25 18:58:10.679410,2690.1796466891246,2739.30230155686,2650.709416295445,2685.557902210505,44464295
2026-03-26 18:58:10.679410,2636.8614779663085,2680.3391201630143,2627.4148888236878,2638.367509627801,12948479
2026-03-27 18:58:10.679410,2578.8085027488037,2600.367551524744,2518.000718190823,2568.027776104409,16567759
2026-03-28 18:58:10.679410,2471.2526006415337,2532.0795969308774,2468.781348040892,2495.403755590647,40043917
2026-03-29 18:58:10.679410,2413.7239699363254,2460.000459310501,2386.9048180959926,2415.4020431798663,37167049
2026-03-30 18:58:10.679410,2344.3066085691867,2405.082984046306,2319.5987977621667,2357.5379588518995,46749240
2026-03-31 18:58:10.679410,2317.4271963863343,2380.222789214678,2309.612693819405,2331.4972204728756,49147334
2026-04-01 18:58:10.679410,2354.1151467348423,2421.6597375248057,2341.203186430459,2376.985987581753,43676600
2026-04-02 18:58:10.679410,2450.272897785901,2522.0394065975133,2447.822624888115,2474.662885056771,18879692
2026-04-03 18:58:10.679410,2426.604055011409,2474.6609931525327,2404.0994161510957,2450.8757031849213,49829610
2026-04-04 18:58:10.679410,2454.6957760943856,2479.8711941401443,2402.836517748889,2448.0439259344553,40573743
2026-04-05 18:58:10.679410,2468.645045204268,2512.4819617240873,2466.176400159064,2478.7212738816997,35166557
2026-04-06 18:58:10.679410,2548.3030613820724,2588.62327933789,2524.3229332306455,2545.7622707830033,1061722
2026-04-07 18:58:10.679410,2534.5782548947504,2567.4904445966517,2532.0436766398557,2558.1000720223265,30865274
2026-04-08 18:58:10.679410,2586.5567767266552,2620.3244976640167,2565.8993861035874,2597.443146539408,35087026
2026-04-09 18:58:10.679410,2670.511605781068,2690.7839619686793,2663.890407946115,2678.353019555134,5777218
2026-04-10 18:58:10.679410,2748.7682006600044,2794.9142984590917,2746.0194324593444,2772.462728123228,7375127
2026-04-11 18:58:10.679410,2727.5866553359806,2805.7050345364896,2724.8590686806447,2752.537039517374,21684111
2026-04-12 18:58:10.679410,2784.4517930017823,2795.5819430356587,2734.4320192651526,2758.0436584544036,10874413
2026-04-13 18:58:10.679410,2613.2159391669747,2644.856443068014,2601.69173571929,2616.0863463511923,28739919
2026-04-14 18:58:10.679410,2626.9663078375015,2655.207813146362,2594.6418052598337,2627.004256442572,35462126
2026-04-15 18:58:10.679410,2715.438397759309,2794.5868437518293,2712.7229593615493,2739.5889869689745,9606135
2026-04-16 18:58:10.679410,2644.3081889987084,2676.869476157957,2641.6638808097096,2667.6851870714086,15307047
2026-04-17 18:58:10.679410,2721.449470398257,2747.9403283665297,2670.5396069698954,2704.957160511014,36104010
2026-04-18 18:58:10.679410,2789.795726824822,2826.437829118119,2752.0899291368205,2788.476756977882,4230737
2026-04-19 18:58:10.679410,2821.3890368578323,2824.2104258946897,2775.840162769611,2795.182478180713,45911980
2026-04-20 18:58:10.679410,2841.244273644376,2873.305484166831,2823.051673178462,2865.4974584078977,9481488
2026-04-21 18:58:10.679410,2874.8000114610863,2924.866546183893,2866.113654966859,2883.176793299329,36334378
2026-04-22 18:58:10.679410,2771.9343798933637,2837.0952476621655,2769.16244551347,2797.1326146954025,16595818
2026-04-23 18:58:10.679410,2872.672802793757,2888.6800260670184,2791.928966668326,2849.1238743602025,31482433
2026-04-24 18:58:10.679410,2718.054342513571,2739.733620299828,2715.3362881710577,2732.4405907530813,12544929
2026-04-25 18:58:10.679410,2757.2363112489697,2789.2948794927906,2697.88879265051,2731.89282351161,15532727
2026-04-26 18:58:10.679410,2757.903437365989,2820.807285321932,2755.1455339286226,2776.113534886326,2448557
2026-04-27 18:58:10.679410,2689.3273181370278,2756.6453163891506,2684.2812704042876,2702.5513365198167,31975824
2026-04-28 18:58:10.679410,2645.2936022979034,2664.941394206076,2618.912308396636,2645.9522836936303,15784609
2026-04-29 18:58:10.679410,2654.887477061028,2657.9893645125217,2648.48729551534,2653.172508226048,33542414
2026-04-30 18:58:10.679410,2596.299214008523,2613.8724607177123,2574.589792500965,2608.842288571619,38968168
2026-05-01 18:58:10.679410,2648.3369973547883,2650.9853343521427,2603.204143793295,2625.3671858767075,46056918
2026-05-02 18:58:10.679410,2654.9870545433273,2686.169324309941,2643.1677117645863,2676.19896030592,42158608
2026-05-03 18:58:10.679410,2674.542977178896,2677.2175201560744,2615.1612436243922,2662.6834479322283,12297543
2026-05-04 18:58:10.679410,2610.821517765595,2678.9041388170767,2608.2106962478297,2635.1831319747093,49066268
2026-05-05 18:58:10.679410,2621.0781314002506,2696.5955175353256,2618.4570532688504,2644.9701084881503,27750626
2026-05-06 18:58:10.679410,2702.986445886385,2732.0782723407847,2644.2708487857212,2685.779814550428,16783634
2026-05-07 18:58:10.679410,2708.781881698444,2765.543465759525,2670.6297496161897,2718.766536523985,30737393
2026-05-08 18:58:10.679410,2746.139125228591,2773.3661411543712,2728.394104812871,2735.499040766091,15078329
2026-05-09 18:58:10.679410,2701.8682389889445,2704.570107227933,2657.7332512483135,2677.5857139314285,8174084
2026-05-10 18:58:10.679410,2672.2005604920055,2711.758953120525,2658.1685464262423,2673.4140721705053,48491806
2026-05-11 18:58:10.679410,2655.0964224929253,2686.2337654001103,2627.7820188112855,2680.706664259297,24646630
2026-05-12 18:58:10.679410,2688.375834982035,2734.278038675605,2638.616744606956,2678.439588484525,24179774
2026-05-13 18:58:10.679410,2663.3944272988288,2724.9048105096226,2660.73103287153,2688.32234649296,18131318
2026-05-14 18:58:10.679410,2727.425719864029,2783.870230171413,2724.6982941441647,2737.160426396897,25638551
2026-05-15 18:58:10.679410,2684.762208183909,2723.1250361102043,2655.6185190871925,2678.0919839346225,47388096
2026-05-16 18:58:10.679410,2724.005676680456,2746.9442973971627,2693.626144591874,2722.224523301266,42798737
2026-05-17 18:58:10.679410,2731.622121828195,2744.98624470025,2676.9137169341516,2721.738567926086,12361009
2026-05-18 18:58:10.679410,2680.074803846817,2740.3164675264093,2664.4118888007715,2686.0908430319764,8161513
2026-05-19 18:58:10.679410,2722.646817988189,2757.7376885077474,2699.3207835901912,2706.653595665354,6791384
2026-05-20 18:58:10.679410,2839.752269841663,2842.5920221115043,2806.223052883461,2813.239515094393,32149303
2026-05-21 18:58:10.679410,2768.098395080231,2770.866493475311,2737.5478198088704,2745.092703227676,1125818
2026-05-22 18:58:10.679410,2757.8624896857273,2776.958480306227,2724.28112632687,2755.802588319356,35397131
2026-05-23 18:58:10.679410,2869.1154486336513,2871.9845640822846,2838.452453250801,2846.2201768533187,11632516
2026-05-24 18:58:10.679410,2956.601991990426,2959.5585939824164,2894.4845764652255,2930.69668000613,30751863
2026-05-25 18:58:10.679410,2991.1206797792556,3033.3923590172226,2986.537378587073,3017.3104576777564,39145802
2026-05-26 18:58:10.679410,3064.20863324542,3118.5919769816032,3061.1444246121746,3089.8447003212423,30934477
2026-05-27 18:58:10.679410,2976.8250462352253,3015.5154161784017,2941.0359097303285,3000.257410249109,22607472
2026-05-28 18:58:10.679410,2944.3531037545326,2947.2974568582868,2883.8678177268694,2937.9888363531877,42661318
2026-05-29 18:58:10.679410,3049.8014315892756,3092.734217471359,3013.974626182493,3048.0422962909283,26058988
2026-05-30 18:58:10.679410,3054.7602016753735,3097.3505999479166,3034.203355814357,3042.4146276533697,4699676
2026-05-31 18:58:10.679410,3074.4637227294743,3117.7580247843557,3035.083440028672,3079.6936918916467,25152601
2026-06-01 18:58:10.679410,3065.245650384376,3081.363870152518,3015.8519422411746,3042.2513233434493,13885387
2026-06-02 18:58:10.679410,3022.3439875931444,3071.7456906765065,3014.691827217705,3019.117484901515,12027749
2026-06-03 18:58:10.679410,2949.8966184980873,3011.63818606218,2911.7179481533144,2960.2678672102056,42198140
2026-06-04 18:58:10.679410,2940.805523678643,2962.835236151556,2879.725515136735,2917.5464948807535,42849333
2026-06-05 18:58:10.679410,2966.3045003239636,3022.1878460669504,2950.058758378558,2994.7827939486247,1049898
2026-06-06 18:58:10.679410,3134.2583703658574,3175.5731359844613,3097.121733227899,3135.0817430197717,6980665
2026-06-07 18:58:10.679410,3095.7391536449,3126.6489397851974,3076.718046178855,3083.550353204827,12501374
2026-06-08 18:58:10.679410,3059.270547986491,3096.440295250288,3019.1240222338392,3063.5837020645895,25427030
2026-06-09 18:58:10.679410,3090.3795066293847,3122.8294618659593,3055.5430068786045,3076.166476006558,44371752
2026-06-10 18:58:10.679410,3162.09130282337,3186.431767042047,3132.812257409082,3166.7391119364916,23787438
2026-06-11 18:58:10.679410,3129.496066005135,3191.0166701839985,3109.1373586610075,3145.927542150736,40154034
2026-06-12 18:58:10.679410,3159.4423847919534,3199.1728119919644,3132.6937855491933,3165.197075998733,4233778
2026-06-13 18:58:10.679410,3241.5510725355743,3281.9972832068415,3161.9144070295984,3225.364278539146,32729851
2026-06-14 18:58:10.679410,3252.0788608447137,3324.792641126972,3226.585162942132,3266.8321311312675,23296215
2026-06-15 18:58:10.679410,3429.8212497973377,3471.381783511683,3426.3914285475403,3460.994555539346,44244463
2026-06-16 18:58:10.679410,3419.979401939736,3423.399381341675,3384.7488055648378,3400.222009610037,12408405
2026-06-17 18:58:10.679410,3403.6516312419685,3457.1844256217996,3378.775811028628,3417.8717765349097,2590365
2026-06-18 18:58:10.679410,3489.7051926904323,3583.6193975779597,3478.016035246945,3513.5296050971674,7926590
2026-06-19 18:58:10.679410,3669.9331418735896,3723.7462952745655,3637.189229463165,3668.409482618773,16808580
2026-06-20 18:58:10.679410,3664.6541608268435,3735.876496572826,3631.9425466682965,3680.0025178854485,12968866
2026-06-21 18:58:10.679410,3732.3397072214993,3769.548861544975,3664.830122981726,3727.038985027341,29945045
2026-06-22 18:58:10.679410,3761.684825743889,3842.9100113259906,3748.5597780485177,3773.07446004642,46196641
2026-06-23 18:58:10.679410,3854.268648137646,3946.0611607140736,3827.578721728741,3867.704552063345,27195134
2026-06-24 18:58:10.679410,3800.9196145377105,3887.5306336538392,3759.3699476454867,3822.1949949800587,4217884
2026-06-25 18:58:10.679410,3835.211706759068,3878.1891366760005,3820.7071218519654,3849.713540572183,26900565
2026-06-26 18:58:10.679410,3916.429156507348,4020.198502386536,3912.5127273508406,3939.479172823262,38607945
2026-06-27 18:58:10.679410,3966.420202317427,4012.732147945437,3919.4395307355385,3990.7849280808796,30830221
2026-06-28 18:58:10.679410,4014.818306402313,4066.04780435916,3957.6760618046937,4009.248801056677,19212521
2026-06-29 18:58:10.679410,4046.030154904996,4056.003653162347,3976.576948887012,4045.8363854031136,24785426
2026-06-30 18:58:10.679410,3929.931024943489,4000.1137803686333,3912.1882909006586,3959.131353705605,27883544
2026-07-01 18:58:10.679410,3910.1770942677945,3960.584668038102,3884.6460774509846,3939.9999973716954,45611193
2026-07-02 18:58:10.679410,3920.507317646868,3969.655204310467,3910.30731171622,3917.1786545152895,40152175
2026-07-03 18:58:10.679410,3893.4511716991237,3937.723358625017,3841.781434721614,3896.4117756085716,39211625
2026-07-04 18:58:10.679410,3837.0805607766615,3893.642992340713,3820.788239043392,3848.0099382809667,41462020
2026-07-05 18:58:10.679410,3890.8859072310024,3961.639715216934,3868.7393153572666,3891.3568734467804,18348926
2026-07-06 18:58:10.679410,3862.5128993759427,3928.6182533546416,3855.1905555876288,3891.1231667547668,10206708
2026-07-07 18:58:10.679410,3897.696777429791,3944.508448286968,3842.7937542304794,3871.241438718645,40780593
2026-07-08 18:58:10.679410,3924.1664921906213,3959.039615377374,3864.4307782958444,3931.413534370784,43547741
2026-07-09 18:58:10.679410,4029.16672822271,4054.0159664403513,3949.380664367726,3998.0182199873902,39453982
2026-07-10 18:58:10.679410,3993.8852316090483,4053.59702343112,3960.740261313956,3973.235067688016,37515111
2026-07-11 18:58:10.679410,4073.101081749582,4095.1187958014075,4001.923598427665,4053.6534480488012,1578445
2026-07-12 18:58:10.679410,4113.302465823208,4164.465303579115,4026.5137833658882,4086.2246959061104,39343469
2026-07-13 18:58:10.679410,4092.790867801964,4096.883658669765,3999.0922767286215,4074.167058375071,38673890
2026-07-14 18:58:10.679410,4065.6274748691285,4131.5250642782175,4016.429522466807,4058.062604624407,30438759
2026-07-15 18:58:10.679410,4008.3984683090926,4085.165705988075,3924.9808172141024,4007.480599888306,24582179
2026-07-16 18:58:10.679410,3948.2744990562946,3960.916754069426,3924.030619279116,3933.102313762283,2279313
2026-07-17 18:58:10.679410,3939.6843079013897,3943.6239922092905,3917.5999046863835,3931.3441425705264,44334221
2026-07-18 18:58:10.679410,3757.0300317341084,3781.129891442188,3706.6529924141723,3744.1918093217732,25630411
2026-07-19 18:58:10.679410,3582.062396839494,3647.922899410941,3578.4803344426546,3606.1801982795064,23350672
2026-07-20 18:58:10.679410,3625.4807253058725,3650.2312188333626,3549.5670415607988,3604.7055252776636,35494238
2026-07-21 18:58:10.679410,3429.1397991350727,3521.1898314093132,3425.7106593359376,3459.9045077121955,44881890
